X,Y,ID,
681779.88082463737,240510.70235600931,0
682013.26394333388,240298.02682368655,1
681693.37797228352,240137.54651912992,2
681741.81708180462,240311.03644188156,3
681721.41838575329,240288.67666077084,4
681830.45229839184,240241.7817627505,5
681953.81490738364,240064.68524800582,6
681752.61322353769,240318.9496016262,7
681683.62167436688,240138.65632612363,8
681962.15839251375,240288.05362164916,9
681977.94347052486,240437.00337440975,10
681723.18144552666,240483.74673970288,11
682060.13389648497,240473.09372934405,12
681800.90708952781,240342.03086539864,13
681923.37503197382,240060.43758558997,14
681685.86837965285,240351.71495134869,15
681886.88331166352,240531.12143155362,16
681929.97833393887,240307.17858853407,17
681959.44548992033,240500.58498708563,18
681664.90625071677,240265.49970225774,19
681775.52456395584,240505.06502458785,20
681792.29827813257,240389.43029336294,21
681861.94585085392,240276.46075564317,22
681682.18175353215,240402.28695362018,23
681769.84711856162,240587.90257386508,24
681845.57677381812,240216.79471183138,25
681953.15376419807,240285.26832332497,26
681906.12344267976,240271.85107311734,27
682013.78699907055,240286.94459681079,28
681828.13367177662,240275.11930149049,29
681880.51058890019,240274.67929194897,30
681676.97126670799,240139.82024583966,31
681817.47742214671,240413.06814412415,32
682092.05370835471,240317.85270070232,33
682069.66904601874,240468.4063609608,34
682055.101874282,240574.75904640299,35
681791.11414178263,240386.54662208032,36
682087.16428491101,240350.1987822495,37
681818.08255667891,240418.47391754427,38
681852.55845938169,240278.19001716559,39
681741.09169529448,240400.71559048729,40
681893.20663301274,240163.30220295288,41
681743.21580768074,240392.20038844168,42
682011.61346672941,240186.23418372171,43
682089.70230496419,240330.81435874663,44
682044.74306883919,240592.54091921059,45
681995.84120156767,240292.02944016713,46
681744.32632969879,240303.87117268064,47
681928.88526973489,240067.20488038813,48
681947.01498196926,240045.11260376466,49
681837.52179294196,240234.77401379534,50
681680.17542591575,240347.27046683108,51
681688.77340133791,240149.63168321605,52
681954.54551293817,240505.04009540429,53
681789.68957130215,240306.10148892575,54
682015.68471780431,240192.11093457055,55
681799.62481756997,240462.67099311636,56
681933.67377741134,240343.57398102694,57
681680.55362361309,240485.06537391094,58
682096.69023781433,240283.7279405976,59
681797.05198818084,240307.93326187364,60
681694.1610435585,240145.94030624165,61
681984.83327251964,240291.18832693651,62
681941.42511326785,240600.52086583697,63
682066.54907667695,240491.89405329569,64
682012.31957508624,240302.66492461704,65
682083.06636259519,240384.23820245094,66
681911.00430566992,240471.54691318393,67
682008.47328399424,240311.89418562406,68
682084.14338124881,240282.54833553813,69
681971.13879046962,240456.16171726366,70
681671.80542658246,240426.91501769234,71
681957.19855507324,240070.20932477369,72
681773.8940685757,240566.74271509753,73
681652.07240828848,240265.0440562467,74
681734.64163834369,240455.65822573478,75
682048.18458938645,240565.09968417342,76
682081.59073763154,240342.07363562298,77
682055.21313616447,240510.54185457074,78
681985.22989183606,240112.10427263621,79
681842.83483649231,240371.38476984864,80
681924.71904850029,240282.33050290972,81
682012.99532377708,240287.55647042033,82
682008.09627051069,240303.60060347128,83
681694.6118618967,240271.7424817507,84
682079.74410732905,240332.64756156784,85
681874.70185783587,240547.69480345093,86
681875.7669495095,240274.25278760848,87
682068.17422401614,240481.9977359894,88
681963.49682999693,240281.88237469841,89
682048.8968685295,240625.42818333404,90
682043.49454613728,240601.45798666973,91
681740.35220866487,240301.44310036383,92
682008.52099516615,240157.40333124681,93
681699.30453697417,240205.49804432417,94
681836.69198765943,240241.26010181653,95
681836.49136708048,240239.79228751571,96
681686.39655612956,240285.51994855472,97
681909.07650353259,240133.259419949,98
681933.92197206349,240356.91565563827,99
681842.40382266103,240281.98680792851,100
681952.80270692334,240030.54602042597,101
681778.37888763542,240625.42559065204,102
682061.1541537575,240544.39785464562,103
681789.84618066403,240464.93412650898,104
681886.19288512389,240513.04268412507,105
681698.20059290156,240224.06200049198,106
681685.72160731885,240268.21592358305,107
681934.61411411315,240303.46624540634,108
682057.00021139754,240565.0183934989,109
682083.36360550229,240289.08690633607,110
681624.3899565615,240275.22037434636,111
681677.56875606498,240393.59489013255,112
682009.81079651648,240334.39485507089,113
681932.47219078732,240376.38696162202,114
681701.24505239609,240187.65989552904,115
681979.45515551197,240103.63459790859,116
681930.55459214828,240313.29915199248,117
681871.3789722186,240178.59117743553,118
681820.72280903824,240285.84320396607,119
681685.52594870608,240297.52180461877,120
681794.09520239814,240473.98476177675,121
681946.63227200031,240536.42610205832,122
681917.38410739158,240104.94099558762,123
681918.32894136163,240273.25352119224,124
681997.17963881057,240138.63223532779,125
681697.27243863326,240166.27422340275,126
681956.68849047075,240516.5235511717,127
681800.62064955034,240333.66556983395,128
681698.95358075609,240201.16542644351,129
682012.14369462535,240323.64018322411,130
682013.4982748928,240258.7210748645,131
681844.85473418224,240206.48058596882,132
681932.58414557599,240288.74249466386,133
681837.32325752079,240345.40700521244,134
681679.03806954983,240393.58298439928,135
681737.07843420934,240434.56612592604,136
681833.21797515138,240406.13624923938,137
681768.48139494145,240584.07096914001,138
681842.15544365183,240315.13142901511,139
681839.1237291086,240275.13272927277,140
681940.18172380584,240041.86726314126,141
681942.38585286424,240667.89769043506,142
681742.3133352506,240445.18428010028,143
682076.55127108854,240424.16857355126,144
682048.44915539119,240564.71705740373,145
682004.97612190328,240148.22485400946,146
682045.15078708518,240646.15506384519,147
682065.35344947048,240426.33349543868,148
681937.76021927514,240317.64251005143,149
681884.69904106075,240537.66052683914,150
682073.39523538039,240332.91238865623,151
682084.62675883586,240374.84114314051,152
681749.83624944754,240308.23672608426,153
681673.48127217509,240415.52090237668,154
681740.2741431027,240466.44415129349,155
681744.34537998692,240345.19967805978,156
681645.67434157291,240271.85094017783,157
681826.71429761429,240269.43478488619,158
681942.24211431365,240589.91001941793,159
682055.02344165184,240518.39271427965,160
682014.72951609467,240243.53182289033,161
682051.23287134175,240608.14100667398,162
681948.2007680661,240059.425321802,163
681894.5323844275,240147.13205158705,164
681751.05750086007,240338.08993185454,165
681745.37027598708,240428.68341870056,166
681877.59452161775,240562.47248209472,167
681919.00144566654,240097.72251324606,168
682071.29224367253,240362.84080457839,169
681744.33527307992,240346.15955856105,170
681700.81020429789,240187.79013818037,171
681746.99220111396,240405.05706015555,172
681899.77485291206,240276.3832700231,173
682000.7554265802,240386.37475948007,174
682071.98776559392,240359.79030668826,175
682091.88596523437,240324.2479794207,176
681937.99355583091,240593.86789579771,177
681932.40324382239,240330.65160005054,178
681639.78404745797,240272.83074594842,179
681792.50478001044,240318.61991564778,180
681883.36052729248,240172.64699934883,181
682083.95467479515,240302.39064706993,182
681817.5703626438,240433.36976931168,183
681878.45447656082,240273.72186038957,184
681723.28840042232,240492.89901651366,185
682074.3975204163,240310.70112167884,186
682018.39240216743,240215.53262958647,187
681836.95727904094,240331.74920471752,188
681885.76121930894,240170.61334430063,189
681933.05997998896,240350.54857531277,190
682009.91024384904,240191.10757793178,191
681752.65259282,240332.1911208868,192
681809.18392754917,240292.54126874829,193
681815.60535743367,240437.03075294016,194
681867.78637864918,240268.43341080809,195
681824.3831803319,240407.03207840811,196
681817.46216448513,240414.15901245485,197
682061.97573049122,240455.84533409282,198
681833.372772075,240305.66103485963,199
682020.32378070848,240247.74732494523,200
681673.04450283106,240431.69831659904,201
681937.94519612973,240613.12165253217,202
682059.16580629698,240544.905100064,203
681940.81498349539,240631.94786095669,204
681844.47274010931,240329.97607300084,205
681863.15804083494,240184.88261394374,206
682057.48105811479,240565.59754033206,207
681746.39921839023,240320.60011691551,208
681678.4443032589,240456.06580242244,209
681914.6993633816,240444.56691964756,210
681985.90700630215,240291.46284955009,211
682088.63362054143,240335.56475362633,212
681695.3072805811,240266.44091117164,213
681837.14030315704,240334.16074104633,214
681801.48771857028,240355.55785234075,215
681670.26265435165,240441.4333047382,216
682014.73477011477,240291.99871756713,217
682068.88749203284,240398.96075800224,218
681778.85872389481,240490.03182650145,219
681952.66399445198,240509.59139711602,220
682051.94125798205,240602.18000787127,221
681684.80962799047,240358.67848753609,222
681902.8146293622,240271.37197357041,223
681987.5947257824,240285.67594520829,224
681814.93311600992,240297.45530282785,225
681702.16744633671,240222.21505788132,226
681918.49705689528,240095.41171495843,227
682008.69153936603,240160.48907266423,228
681994.82179510593,240115.68609624039,229
681749.88587764208,240307.4179784311,230
681939.25628278556,240349.10446073781,231
681924.91568647476,240078.41600501505,232
682069.18688402325,240483.85734780336,233
681939.28922313079,240343.09555521799,234
681698.2786078197,240236.63620546571,235
681797.26332980173,240392.5977898569,236
681800.67219844251,240363.28903100139,237
681807.56863231235,240302.6416386778,238
681683.55066600139,240139.72310854014,239
681999.62144102762,240127.82743815021,240
681936.80525878735,240585.3047973834,241
681836.91585132305,240369.19257020083,242
681936.50752064842,240584.35703928309,243
681783.3342156423,240499.99820533153,244
681939.00555617234,240343.33894836748,245
681833.05828120303,240310.61724004871,246
682057.41988396994,240493.83718404238,247
681970.51297878474,240282.20616801063,248
681791.47164855944,240391.97530202544,249
681686.01360503491,240363.43404987533,250
681927.28455548699,240407.65821107401,251
681782.35083176207,240635.5750184897,252
681902.4436270122,240490.02217243379,253
682071.42832040566,240366.2483291036,254
681962.88928472146,240281.58752389281,255
681678.25716762478,240440.09297906459,256
681743.8908462713,240375.39252120856,257
681742.11670942116,240402.70853097423,258
681703.64295041375,240199.84757834167,259
682002.38401296583,240385.54726412205,260
681941.06994122302,240596.53327099513,261
681738.59014729573,240466.474113476,262
681770.32556195185,240322.26333676279,263
681925.03939475364,240275.58428245038,264
681793.9190863393,240651.09538486565,265
681699.31301641033,240169.78294328658,266
681976.18644611747,240091.92829266685,267
681956.03121154103,240077.6127164326,268
681910.87919781962,240102.11088234867,269
681939.27190520277,240054.84916209051,270
681770.42564289167,240556.74461025326,271
681671.56701934664,240464.96533790795,272
681776.36437491491,240532.99343222921,273
681930.75933955936,240320.76939852009,274
681795.39084702451,240453.21136895687,275
681991.60157027189,240411.12994373945,276
682001.60806925269,240152.84971310955,277
681987.17649823753,240414.06025131053,278
681919.51216584234,240432.1675189895,279
682006.66824374278,240176.84681318319,280
681916.73523818178,240107.24476312025,281
681791.41418443539,240644.600932031,282
681957.94933747721,240507.49545166845,283
682003.91389916209,240360.20629101151,284
681903.6266471257,240487.6705941676,285
681935.69341368624,240050.93602036705,286
681801.00661509763,240330.89577924003,287
682045.3158661006,240591.43979696144,288
681835.00308913935,240294.44547657363,289
681804.349464976,240442.66088732833,290
681646.1575565266,240265.62990297744,291
682013.87914368731,240241.14068162569,292
681677.54548778641,240459.6731804579,293
682014.76781909482,240234.98956372723,294
681989.39028566191,240403.7245907904,295
681873.71307156549,240548.12116294206,296
681955.39916110097,240038.95516720379,297
681785.85903966287,240628.3915347424,298
681901.93247959204,240148.34974031788,299
681702.83478158922,240284.07211838904,300
682052.03994238668,240533.09709804785,301
681946.98671932169,240536.79025423832,302
681775.15493565169,240557.32444694516,303
681847.83059563197,240271.99174199719,304
681823.95706708217,240407.47927766573,305
682056.90515321633,240561.16782087006,306
681823.76649073849,240425.43573783929,307
681731.13608671224,240472.458232006,308
681881.5058998114,240525.93568788699,309
681949.2455892954,240022.46236712471,310
681962.72973382974,240472.53528455866,311
681981.08232263371,240439.08723310806,312
681893.43876531289,240496.5581179228,313
681910.35267966881,240106.31529034636,314
681969.44122581428,240289.25848496694,315
681968.7743359973,240090.35528795625,316
681939.98960748746,240364.33520804186,317
682015.6541986533,240223.08756984025,318
681784.52742419066,240317.52476273797,319
682045.43270177569,240645.78323263687,320
681943.68350225419,240027.19064180742,321
681979.75494026695,240094.82517009281,322
681946.52661742293,240536.56643953617,323
681680.93058732362,240330.533163399,324
681680.1505877336,240273.78043622966,325
681723.19499502215,240475.18898118485,326
682004.77076146833,240373.11708964617,327
682073.80358144804,240446.48989576468,328
682035.45360886143,240654.66483609247,329
681737.82998281752,240308.19306084621,330
681933.11204138468,240062.69821669927,331
681627.34535615856,240268.5283915429,332
681677.45673615613,240454.94818397303,333
681823.05223235779,240292.82190724992,334
681923.92782089591,240280.51139128217,335
682061.66693052812,240532.6929334742,336
681775.36771401227,240547.95169417051,337
682069.57813933538,240387.48008921911,338
681831.20121179614,240281.32649469411,339
682010.26717546221,240193.38371827922,340
681675.96309745731,240400.39335295447,341
682076.77568630793,240285.39387009281,342
681774.69877870486,240545.16313056377,343
681945.74071345537,240039.5079232541,344
681939.81514692795,240346.78284084474,345
681815.70722043654,240417.52288645809,346
681869.27626910771,240274.52492851589,347
681855.76225632627,240276.7399997193,348
682019.35200327239,240233.90613850125,349
681693.733526133,240283.24964443286,350
682071.6994457097,240369.68932863875,351
682007.42723465699,240180.04754670701,352
682015.71378574322,240224.12346708539,353
682082.62596301129,240388.86119179777,354
681952.80332337227,240286.84722688669,355
681931.47804772505,240317.7323984252,356
681827.58235247678,240399.18561593734,357
681844.9027309824,240217.9687661324,358
681907.19764474663,240476.51651012583,359
681791.96976484871,240647.30018987576,360
681941.86592264345,240654.5621040329,361
681668.97711129708,240469.37541404614,362
682038.75442043506,240635.41790632653,363
681936.98218613514,240594.85091839661,364
681933.03912889073,240372.03546312542,365
681793.74302524747,240396.76028509135,366
681919.92650514818,240091.98719814667,367
682047.18240438215,240633.68867998203,368
682071.25238738477,240379.58848618699,369
681838.03613305348,240338.81593668554,370
681671.47620475828,240439.34406413254,371
681874.17356414488,240176.33387566751,372
681945.33807883039,240624.84796532063,373
681956.10634205793,240287.30697278827,374
681934.43002427474,240298.50151333984,375
681643.25376404135,240265.71967647184,376
681951.27301847609,240536.89117517014,377
681671.68405698054,240465.77508982367,378
681941.65908034658,240658.70769188338,379
681769.29885521613,240556.33541296236,380
681832.25973078946,240300.1975877998,381
681979.78436759009,240104.54423371321,382
682053.43220967834,240530.37713880942,383
681933.27629211766,240346.07273827153,384
681938.36810717802,240568.85805908544,385
682083.19072766392,240283.3333939185,386
681795.98046561866,240677.53555306749,387
681674.61451988155,240397.72225138944,388
681978.81797111651,240442.38971353456,389
681795.62221284583,240679.11413725157,390
682013.25446896674,240288.38444815966,391
682067.53673439776,240408.12874944281,392
681694.41760105197,240144.90423443774,393
681926.69428390439,240289.60239697434,394
681894.71117967647,240159.75620767527,395
681954.38401874912,240031.991957416,396
681940.99682808015,240576.44276463194,397
681793.44497402606,240320.0861703784,398
681842.89187323186,240274.2283704982,399
682048.9953266409,240558.59735731434,400
682045.83299524384,240645.43332663813,401
681962.78223383066,240475.5930881481,402
681856.82219302852,240200.32541948973,403
682004.33171890699,240348.75716803566,404
681670.45783495856,240451.45450485934,405
682051.26337590895,240605.53300801385,406
681837.17482841318,240277.88947048408,407
681881.89758041606,240524.44914314226,408
682082.82153446192,240381.55600991537,409
681918.67580734449,240072.65859987639,410
681784.36884338176,240649.17980708973,411
682012.25364058604,240217.74813871269,412
681834.20649927587,240379.18866507031,413
682013.97191705077,240220.10059102339,414
681679.28249855572,240347.28767316346,415
681990.02347830636,240413.96542256989,416
681937.48900937231,240277.10564858833,417
682017.7155136395,240197.80930771603,418
681746.68377795862,240406.61281067523,419
682014.35709525621,240236.62275518134,420
681959.68401340046,240286.44704232732,421
682073.96652733791,240450.11315019394,422
682002.08420000039,240366.1836015938,423
682069.03876538435,240479.82867489851,424
682000.05021397944,240128.71305687714,425
681998.92404307553,240379.50417391368,426
681995.13492624136,240117.77218000652,427
681819.35649561789,240416.59007654633,428
681925.50619038625,240282.29333514831,429
681802.56788126938,240444.87258616244,430
682016.39273307496,240192.90590184453,431
681745.30346355785,240349.74116580305,432
681967.45111276687,240081.37256316232,433
681989.22096584272,240416.25664652765,434
682089.3126497214,240330.55971894937,435
682059.43321255897,240475.48911271198,436
681847.10812179302,240271.97769753481,437
681797.54553030699,240353.67106639539,438
681982.1689263921,240434.31252862024,439
682050.40941224573,240619.87156721822,440
681941.71391156036,240682.39369221864,441
681746.06820189138,240312.91188492518,442
681943.58809359837,240683.4682150454,443
681696.91754788975,240282.98451036937,444
682084.08782000432,240370.57980409829,445
681769.55873931875,240590.72021788027,446
681683.72052208672,240138.3535236704,447
681765.05092173547,240321.51534889411,448
681741.17979345249,240403.72172192391,449
681737.97356761561,240424.52291181142,450
681929.70569908514,240064.21176640966,451
681803.71448370477,240679.48446905156,452
681833.76185944723,240274.35710897978,453
682048.88575598539,240555.46044240717,454
681748.97670078289,240403.35738064532,455
681800.56827084348,240331.27558787802,456
681792.62163669802,240457.89959912782,457
681702.07453317195,240235.91367733339,458
681743.30784479692,240439.90986420598,459
681747.17381624307,240409.71440786455,460
681831.00013683387,240387.38346309072,461
682080.73232631141,240349.6562418119,462
681933.78145242203,240376.99283951835,463
681842.82845688506,240369.43780062697,464
681680.87796376355,240478.35210315039,465
681751.71988914465,240334.09081443495,466
681740.38247676799,240455.18737549428,467
681835.37892444665,240287.79525264216,468
681684.78136870824,240288.05485890861,469
681902.99438999058,240474.09924682707,470
682011.01874644868,240276.67085000104,471
681778.07815804821,240623.06278759267,472
681850.80875113618,240277.9301837844,473
681925.77831617056,240413.86392959568,474
681916.29609807162,240278.55604227557,475
682014.78005669289,240185.97293482939,476
681677.60419870832,240375.48725307116,477
681969.98936273204,240092.98455732182,478
681834.52472446894,240402.42981541259,479
681826.95788438292,240276.01076318446,480
681808.4703658002,240300.21494917845,481
681702.12593972031,240246.69665750396,482
681833.75767518999,240270.989077657,483
681805.42074671865,240439.91076897414,484
681778.58677984786,240624.54258737518,485
681738.49102588755,240477.07384945743,486
682011.96160175744,240209.77363220567,487
681875.8564913224,240273.94755859769,488
681689.28215474461,240137.22198130627,489
681688.20945024479,240326.52403304449,490
681955.43824467238,240038.21537967856,491
682044.77618135558,240595.17763645772,492
681744.97166935762,240341.30641223738,493
681972.00013622129,240450.19988291588,494
681844.136886572,240335.56089803239,495
681857.19081749371,240269.71393117501,496
681775.96145725506,240543.20267074689,497
682079.81450784835,240397.08038194364,498
682017.80077178637,240276.33639532904,499
681826.79450723622,240264.04705827852,500
682056.86500795069,240497.65799617567,501
681741.07958542835,240406.46055036745,502
681744.39329928579,240358.81373911933,503
681905.41455935664,240482.98415162647,504
681793.39646648557,240457.61161143408,505
682085.32799028396,240363.90800418201,506
681991.79727989505,240400.04929506461,507
681697.93807382276,240221.29703889776,508
681682.71750892804,240308.25997917406,509
681957.90141120052,240490.23258223003,510
682094.43925618904,240305.07072680499,511
682054.60701709054,240515.13747376759,512
682051.10961095325,240612.94199693468,513
681698.31341355504,240165.60953949552,514
681684.50552952476,240301.33285132024,515
681919.45328258898,240090.80399093564,516
681799.4463499916,240669.0183351328,517
682020.22256174684,240244.14389192295,518
681933.96372647374,240373.67990798608,519
682009.85038486344,240189.75890454656,520
681702.69669879368,240242.30764439231,521
682081.12282797694,240350.15317591227,522
681942.36187473952,240592.66380297247,523
681983.20388008596,240434.41910162926,524
681679.26609060029,240393.69033332265,525
681807.64014070877,240412.86496030219,526
682087.16155563202,240351.31260504929,527
681936.93533591204,240599.04047553014,528
681748.8293901555,240391.4283180038,529
681824.50931597268,240424.76064564433,530
682006.31105359143,240149.41244167008,531
681933.20735276397,240035.90229902341,532
681842.43924627639,240323.77097186336,533
681740.06814240501,240413.64221851894,534
681740.49965834268,240417.98812816601,535
681881.348122639,240273.78248068001,536
681738.69563801144,240468.59225139208,537
682004.34601710062,240353.38698148445,538
681681.01846220426,240480.26083932444,539
682056.54801780626,240497.56753372948,540
682058.19625048572,240552.27115245102,541
682041.09905333037,240623.0304138085,542
681987.28943214123,240421.12190837343,543
681847.71264300239,240203.63795435973,544
682064.74672244757,240513.93198645164,545
681698.00203931297,240215.68877114725,546
681817.7643822385,240289.54124654975,547
682014.41286630614,240289.33581582492,548
681836.75570910075,240398.77090919227,549
682096.4874473284,240291.64953532015,550
681862.78260769101,240275.10090064327,551
681929.77115902491,240313.72860509361,552
681950.75514028384,240280.08298134277,553
681743.24549279746,240374.48848621297,554
681690.95138365345,240280.95265024528,555
681671.31656719558,240271.90493495303,556
681996.67281970533,240386.16178070853,557
681974.13994042284,240087.73971805058,558
681897.5944261296,240156.24218576949,559
681938.77761470526,240327.49988590379,560
681833.43423080095,240309.54769122839,561
681727.92703596782,240294.87913011998,562
681939.18968898803,240382.46204791008,563
681981.40441245039,240428.76379467518,564
681812.89093337487,240440.25118409935,565
681935.72264888044,240311.4608055735,566
682065.71069931576,240427.41210583155,567
682046.54821441404,240579.15233575253,568
681784.87107663765,240492.2477462964,569
682058.75472771726,240556.58477703523,570
682054.97849670844,240512.41363017011,571
681678.38943957794,240266.5159827107,572
681885.6777600015,240518.98457636559,573
681776.58831964922,240583.3742190554,574
681908.85663108365,240460.55337920328,575
681931.81134101923,240290.61782553699,576
682061.45869175286,240535.99048224342,577
681791.48370489979,240387.30047397382,578
681940.76073848119,240636.67510425259,579
681734.9560694627,240450.24487089351,580
681689.84390190837,240321.97615069457,581
682006.04600528977,240365.8869464843,582
682013.71049859305,240182.84083157047,583
681915.61918823444,240274.02825003117,584
681703.58661574486,240280.58972662361,585
681942.97859873855,240564.82010477944,586
681970.82433388685,240289.74376998274,587
681921.72639030928,240086.26963509544,588
681801.80841887556,240458.49064349764,589
681848.19807810511,240202.77324363362,590
681948.18544284103,240531.75160849703,591
681974.27565280756,240088.85395548935,592
681780.87409975566,240605.14332402853,593
682042.98307544331,240610.15595430663,594
681776.30467746663,240583.28622120083,595
681835.53770066507,240400.63219511198,596
681931.91465476132,240327.55255572207,597
681972.47671146796,240087.97940841556,598
682085.89796109812,240361.41194939645,599
681837.59182026051,240341.03996990959,600
681639.99498693238,240273.58463859861,601
681784.52690909617,240496.73431377712,602
681874.53271969338,240268.51515813501,603
681940.37182301655,240365.80930177181,604
681989.68501906062,240403.14461716529,605
681742.49444796564,240393.88460917759,606
681935.75543781777,240026.09035782772,607
681969.55383871519,240469.83888078254,608
681792.72015177098,240460.91594891937,609
682020.72993350727,240243.66682146277,610
681840.96137856098,240308.16161711499,611
681720.87593901623,240288.36096380031,612
681805.67641151184,240406.00766418071,613
681701.52249201131,240239.40728609197,614
681731.47773830942,240302.46978483454,615
682082.18167055142,240297.52479800052,616
681932.81591622543,240291.69712662423,617
682089.24192344712,240338.5762550027,618
681955.72040580038,240076.18894355983,619
681840.09029294085,240214.28523602159,620
682089.94532632979,240338.21141953112,621
681698.12842889642,240208.73883503731,622
681696.72042426583,240182.9974986033,623
682008.448926121,240308.93386707251,624
681797.96919989306,240377.60077405418,625
681970.28857760201,240464.03041860403,626
681719.00748468062,240486.51488541655,627
681835.59690145031,240396.75712260578,628
682057.14987824019,240501.89204933279,629
681981.10685572517,240097.27324078931,630
681744.97592845163,240323.31417086042,631
681791.46349185088,240460.19497324526,632
682039.25159394788,240626.26629859477,633
681995.8462336018,240135.45706851312,634
682077.04788909841,240426.73526903073,635
681836.49989489105,240324.09391215618,636
681774.50168519048,240553.59778247483,637
681942.70737929747,240575.99133097395,638
682088.34710590157,240343.30752256734,639
681743.30943030061,240359.62983160565,640
682058.74185314483,240553.88964139475,641
681933.76965757634,240296.18438220362,642
682037.40408223728,240639.14222861786,643
681745.19572985149,240319.59762603964,644
681950.69136968348,240684.18735114756,645
681981.77768501779,240095.84047606649,646
681946.65025448229,240066.26990966406,647
681873.91307359387,240563.37727456805,648
681757.88031904167,240311.89303055356,649
681736.17788957793,240451.13246314082,650
682093.11824808142,240308.04892165808,651
681667.74259842793,240472.44744318083,652
681940.18088286673,240344.69642121505,653
681950.71004242043,240280.04793612391,654
681846.98153321096,240279.42842198705,655
681919.24732289475,240450.18856654331,656
681737.08979458606,240431.67850559027,657
681748.6922740814,240384.43923040107,658
681723.94987847388,240481.11842699122,659
682074.40060670185,240323.40010532521,660
681744.4554536771,240368.89422148792,661
682005.07541606494,240143.75867089687,662
681683.39741874137,240268.58258521446,663
681984.31195325393,240109.93598263361,664
681789.82566978212,240479.26989236978,665
681932.16261245939,240385.32219666155,666
681934.56857779715,240346.72085594444,667
681941.86507333326,240554.59639464668,668
681790.68425307353,240640.71735084846,669
681797.01101562637,240347.45584923332,670
681749.15409742598,240393.23855418502,671
681938.80411972303,240601.56989265958,672
681929.3459135876,240395.27906869788,673
681797.36604633904,240338.62980188656,674
681989.32843456999,240285.94313753463,675
682012.53132604482,240218.38571176154,676
681968.17506851628,240474.23742838379,677
681905.80280586123,240477.85290958846,678
682094.47753979266,240279.18644631121,679
681701.95315500069,240233.5532489644,680
682058.17316164204,240483.45849334507,681
682057.20860396058,240503.80165747058,682
681769.57504967775,240525.14924431959,683
682019.99773021822,240250.00118930783,684
681828.62990580802,240243.06140969432,685
681781.43673440604,240484.31372863118,686
681683.26635554759,240317.93209647457,687
682068.97681221634,240484.40535331075,688
681946.4695493473,240645.82587405012,689
681934.20759408397,240367.53522504956,690
682012.52927625389,240262.5770843582,691
681678.90696688497,240438.11806586984,692
681986.41847791593,240114.85981690791,693
681735.64271499193,240450.95760270362,694
681743.39931976306,240380.00436169605,695
681808.48503579281,240433.58836948493,696
681988.28392452945,240291.40414191986,697
681954.43558250181,240507.47677641636,698
681947.53272656677,240042.41900640854,699
681938.02946270537,240566.61063516722,700
681788.69661640446,240486.4702819261,701
681901.53173493117,240276.90629247154,702
681907.08298501931,240461.35751322232,703
681837.28864429938,240238.65600773669,704
681947.01913092297,240653.90267537988,705
681833.64304925839,240260.15854070525,706
681905.88881815493,240271.49214372321,707
681845.48564201815,240205.28415619399,708
682080.50196498365,240351.93942102932,709
681812.94942660746,240416.29824337887,710
681695.4052968981,240154.73304046175,711
681904.65924497286,240124.72891987918,712
681879.74733572861,240267.6645808421,713
681748.11259632348,240391.86087536952,714
682065.86923822574,240509.40398158276,715
681795.06194308097,240324.49776984219,716
681697.67716799898,240281.68171488159,717
681749.75799822644,240354.80057059531,718
682010.14438934461,240281.25975622243,719
681955.1180125291,240509.46864549207,720
681971.48583436909,240094.92832009739,721
681963.87481685332,240281.99166937044,722
681932.57890215248,240030.02494883022,723
681942.82113995601,240599.91593260161,724
681912.18240563513,240102.96369615063,725
681946.22316395992,240552.35157459069,726
681855.69701012422,240204.09113386783,727
681686.37958447519,240281.98811939213,728
681796.65792311844,240317.08617608028,729
681859.41508137889,240199.80286139649,730
681757.12106890371,240320.57512719551,731
681681.0813511794,240404.59603391407,732
681741.47336277249,240393.76401169231,733
681798.72936981136,240406.39664094071,734
681791.3812914571,240667.79948085762,735
681938.89869237761,240613.97081177385,736
681926.429655249,240432.71539452922,737
682042.99736001878,240604.49378144916,738
681676.12342918932,240483.23818240268,739
681978.94796971208,240102.85735203777,740
681683.50354850164,240274.56439656991,741
682018.08692598715,240263.54138410348,742
681737.107204617,240300.54993025429,743
682052.00015579222,240539.9336255613,744
681927.74763361178,240425.18733792362,745
682012.00368900434,240280.89543350585,746
681677.83234992123,240266.2908129117,747
681940.11719411321,240563.17257274725,748
681791.40217518527,240304.28688274749,749
681791.35251165635,240383.03369666397,750
681940.33913578896,240358.97398829882,751
681999.76118164929,240391.96158434654,752
681830.68502096878,240392.14303196585,753
681671.08150943066,240265.1611001821,754
681965.68046548578,240287.70199154547,755
681697.68748984579,240223.69155890131,756
681860.81776237302,240269.52927113997,757
682067.69003495702,240484.81924516673,758
681720.22819764237,240287.5975937715,759
681994.42449872172,240117.45280139771,760
681849.32218126138,240201.32570866917,761
681842.4229887058,240367.08328600042,762
681818.08310731791,240421.12274832907,763
682074.03583976231,240342.34032614695,764
681729.41561924235,240487.14450918065,765
681934.89959010575,240355.80348184973,766
681734.6692678621,240457.44770288686,767
681742.69693690212,240437.71915134089,768
682011.16759264306,240274.48768772199,769
681744.0141345656,240377.01150282184,770
681656.22832211573,240270.74045035045,771
681668.34187401354,240471.85930596513,772
681701.03406486788,240257.3935451553,773
681953.83353738545,240040.84349140519,774
681687.78942244721,240325.63261873351,775
681836.07854448713,240222.43037312813,776
681686.32637934829,240268.70837546355,777
681742.09764788067,240401.63986849994,778
681838.47381588665,240276.6474658876,779
681791.97363433801,240474.95490844914,780
682047.57988656592,240562.12122022005,781
681748.39529695327,240403.30361039258,782
682006.72527760081,240361.44493831476,783
681978.54478769295,240433.12112836837,784
681980.76080925274,240439.75058229815,785
682005.03941414121,240354.66786025144,786
681923.2156025013,240063.32876619807,787
682095.54612690094,240284.99250433163,788
681835.15917376883,240322.54671226616,789
681937.34913152037,240277.77030655098,790
681984.5692847874,240101.71303268237,791
681907.25763751613,240272.20410085583,792
681806.43588897178,240436.69011885225,793
681915.00018108077,240273.06095825555,794
682048.00939309085,240560.07261303533,795
681798.18873128865,240347.46604497157,796
681940.81993049337,240577.41706386147,797
682059.08628981782,240550.02642729584,798
682019.33087701781,240255.95616671472,799
681938.12202381925,240614.00871986555,800
682072.69405283919,240302.57198417999,801
681955.06641126354,240508.49342300341,802
681740.14049098443,240466.83852893789,803
681954.75788430544,240068.54641711715,804
681697.50003449619,240258.45442614675,805
681739.40182677039,240413.46438599093,806
681947.38444371568,240665.27897105622,807
681718.73010092007,240296.1668005152,808
682002.7133529447,240134.57372110261,809
681747.43187996186,240413.02136540832,810
681831.75034238969,240301.31193483141,811
682001.70372324868,240133.26858121439,812
681928.58560819773,240401.52151025893,813
681815.53202846914,240425.41267355601,814
681791.22311187373,240644.42344886801,815
681930.49279187492,240417.10557822452,816
681794.7952538617,240470.57638962418,817
682009.93399182823,240190.13264071231,818
681801.84927254287,240354.85005132871,819
681972.14527538384,240288.21535867022,820
681797.48450944549,240359.4897837851,821
681817.04878466937,240433.56627609322,822
681880.31221091852,240553.08451481719,823
681674.83040966874,240405.00040294594,824
681777.1851709414,240586.33402318315,825
682005.10954945313,240169.12952790438,826
681751.38211750449,240316.99812238046,827
681780.94417185488,240487.12660627245,828
681673.1966498195,240476.88625102141,829
682048.12969991576,240634.4023998816,830
681919.77818147815,240074.10118748332,831
681995.5343941045,240403.27261925722,832
682006.51924162963,240177.25875678199,833
681701.66356995446,240247.18935123811,834
681784.63290653937,240475.11560113143,835
682083.07348770241,240295.85386961832,836
681784.3126752635,240621.75351987529,837
681685.88348575402,240362.79271294657,838
681679.43776072224,240469.20087818813,839
681795.79806858813,240677.5002879324,840
681979.69358712877,240290.83419920271,841
681960.74445743125,240499.49013447505,842
681737.85862289881,240479.7885085358,843
682043.27432521945,240594.49401488004,844
681912.68885665829,240094.04585982929,845
682005.16117434681,240373.08668131393,846
682040.56819604011,240618.68784742936,847
681925.65388526965,240433.69033401928,848
681814.80794451281,240289.19590008428,849
681671.00876423495,240462.47671378861,850
681988.40458843706,240105.1799991295,851
681806.30676273571,240450.94412095915,852
682054.59782106592,240589.72144785075,853
681941.16966800566,240632.37989526289,854
681796.59919165238,240366.62284799988,855
681687.46553737624,240270.40590817912,856
681833.52429013397,240316.49803522389,857
682083.5176710519,240380.34859508736,858
681867.10774597398,240268.63540333294,859
681942.44400189037,240599.74897041341,860
681780.46462205157,240505.45967077772,861
682048.74500245228,240624.11177029921,862
682004.35553647322,240342.67338209332,863
681970.31279328058,240468.23936062329,864
681900.76555481204,240149.83011604327,865
681697.38714538154,240202.72715310272,866
681825.47023867106,240405.35215478015,867
681719.81930722238,240288.63653586188,868
681675.94493593706,240488.45306112658,869
682060.05950246972,240540.93061877438,870
682056.22780841589,240573.43649434796,871
681932.22848874703,240383.123757806,872
681835.86299303139,240289.61812969996,873
681831.94804413128,240384.27187144861,874
682013.57616177457,240245.24594385171,875
682047.52119113109,240573.55672699749,876
681801.54165362683,240340.49836890789,877
681967.98572316451,240469.81616295085,878
681953.25940162782,240031.54644087033,879
682063.01808804192,240520.12515435711,880
682011.03201156901,240203.00135633856,881
682064.0040898039,240516.72347980354,882
681933.14807207126,240299.63741190339,883
681744.52242218331,240347.83963911704,884
681938.74645107146,240326.97525883137,885
681909.9928043281,240472.43788030447,886
682083.37163815973,240308.77674649932,887
682080.83920254058,240401.1101754297,888
681677.9059257335,240362.75127275282,889
681823.59867585276,240424.8510021595,890
682042.47105453862,240602.9155793289,891
681793.13048893795,240317.41159104739,892
681851.55793582473,240197.17847806704,893
681668.54023673269,240479.45427312161,894
681782.41164199042,240479.79170785748,895
681920.29118655552,240274.81054620544,896
681676.70928750059,240450.95313945337,897
681944.92849536054,240051.11239719065,898
681826.68015328422,240291.46872766313,899
681908.14744022454,240132.79612727481,900
681954.07090860454,240526.56527859706,901
681827.07582969137,240255.9481937564,902
681836.4611898989,240371.28249517852,903
682056.72050946893,240493.95132106601,904
681949.62388092477,240538.96906965651,905
681844.40291812364,240280.14692946803,906
681970.01021864696,240287.92043131686,907
681991.13470195071,240400.91043458172,908
681930.2101563029,240420.04125618126,909
681909.09769034386,240279.06809454548,910
682052.6951544591,240603.58779736151,911
681789.3018500841,240481.0536180553,912
681737.51717993559,240433.22993735084,913
681724.88378716831,240486.1991674006,914
681792.26254249201,240387.05846877326,915
681989.71906697308,240118.73781130859,916
681959.77610576968,240501.32830764799,917
681673.95603549271,240488.89200523274,918
681849.0786026495,240202.65635570319,919
681867.13988233218,240180.58610601671,920
681777.79453222209,240627.14203259826,921
681871.73196483986,240177.65083561381,922
681837.62763208034,240300.21003736468,923
682054.27620506764,240591.19110620729,924
682016.52736224071,240279.95394198172,925
681932.7064999732,240368.48247944523,926
682009.15081051318,240182.90108728316,927
681685.17145000293,240284.85962270224,928
681728.56699336914,240473.78814370843,929
682017.75751305814,240202.00007801055,930
681979.49670087884,240104.52431213384,931
681934.97226906358,240404.27129639796,932
681777.05792461487,240319.60803824573,933
682014.91116578819,240265.91409747934,934
681801.05451680545,240334.78276407128,935
681899.10407209967,240497.77839039656,936
681936.5147113303,240596.46258061752,937
681776.03819501086,240507.56758425946,938
681838.30566228158,240230.6534061635,939
681740.42414265941,240405.10477538293,940
681784.38285553537,240498.15142468957,941
682094.68852918805,240304.39282358225,942
681926.63429028145,240432.7157375472,943
681688.70109042292,240138.80651054328,944
681679.34475399472,240424.39538058775,945
681930.4050495167,240395.79461987532,946
681783.64032633789,240477.05396872797,947
681919.61093593098,240095.02724312549,948
682074.73081930832,240325.89745241293,949
682048.83338431222,240623.0798392352,950
682003.87972498697,240142.97977036599,951
682083.62503419537,240379.06822364047,952
681774.5163999612,240554.49891042843,953
682072.73904986249,240447.18149122439,954
682020.72840601485,240240.61880794878,955
681629.78481689363,240269.42582245092,956
681742.53364044894,240377.65821206028,957
681797.92854731216,240336.32070862385,958
682048.04007349792,240633.51806855403,959
682001.79079080105,240155.27323873068,960
682069.22737576556,240480.75226113549,961
682040.9832615382,240624.21946266724,962
681933.06815614691,240363.9002324772,963
681948.84688762191,240529.42847771614,964
681704.99858092167,240277.74125889398,965
682073.0661547737,240451.38122366229,966
681783.35201558075,240307.64002155187,967
682006.35432974854,240371.73347010999,968
681889.74069451692,240156.35029189021,969
681910.61403393024,240278.76501450143,970
681702.32767454232,240190.05381127828,971
681788.22771599004,240305.09856379076,972
681681.07890349254,240337.55499539,973
681960.88278364984,240481.15222248467,974
681731.46891803027,240484.87371088762,975
681775.15724729619,240615.3531210238,976
681693.27483857551,240280.84931707627,977
681738.2071859875,240471.35580464249,978
682091.60380321951,240322.46048357518,979
682010.59440656658,240330.96811657053,980
681632.55774342362,240267.95084899076,981
681767.90126972832,240547.72857928765,982
681940.68726936192,240648.33171831653,983
681906.64328776591,240139.51740568699,984
681767.33632039744,240573.7482723631,985
681947.93450095446,240674.06971065004,986
681938.62215292291,240564.57080695691,987
682073.1982780447,240450.10523732495,988
681795.66096319037,240383.07314064505,989
681917.17321322684,240272.75350262201,990
681835.84823080129,240324.31425010951,991
681697.86520247255,240161.92132608208,992
681682.76184395363,240378.8592939415,993
681937.23208149488,240597.53133362273,994
681918.00649281044,240101.84486719221,995
681685.0878216034,240269.80557380561,996
681887.74022206967,240157.37011812371,997
682010.33643384976,240192.74944378086,998
681951.09737878805,240539.78407324851,999
