id,img
100,IMG_0913
100,IMG_0941
105,IMG_0985
106,IMG_0936
106,IMG_0962
106,IMG_0963
107,IMG_0962
107,IMG_0985
109,IMG_0963
109,IMG_0987
110,IMG_0960
110,IMG_0962
111,IMG_0987
111,IMG_0988
112,IMG_0986
114,IMG_0959
114,IMG_0963
114,IMG_0988
114,IMG_0989
115,IMG_0959
115,IMG_0985
115,IMG_0986
115,IMG_0988
116,IMG_0958
116,IMG_0959
116,IMG_0986
116,IMG_0989
116,IMG_0990
117,IMG_0958
117,IMG_0959
117,IMG_0963
117,IMG_0964
117,IMG_0985
117,IMG_0986
117,IMG_0989
117,IMG_0990
118,IMG_0957
118,IMG_0984
118,IMG_0990
119,IMG_0957
119,IMG_0984
119,IMG_0990
11,IMG_1056
120,IMG_0937
120,IMG_0957
120,IMG_0964
120,IMG_0985
121,IMG_0983
121,IMG_0984
123,IMG_0930
123,IMG_0938
125,IMG_0966
127,IMG_0967
128,IMG_0955
129,IMG_0954
12,IMG_1002
12,IMG_1014
12,IMG_1015
12,IMG_1028
12,IMG_1041
12,IMG_1042
12,IMG_1056
132,IMG_0954
132,IMG_0967
133,IMG_0968
134,IMG_0954
134,IMG_0968
134,IMG_0969
136,IMG_0958
136,IMG_0959
136,IMG_0985
136,IMG_0986
136,IMG_0989
137,IMG_0958
137,IMG_0989
138,IMG_0991
139,IMG_0974
139,IMG_0975
139,IMG_1007
139,IMG_1009
139,IMG_1035
13,IMG_1002
13,IMG_1028
13,IMG_1041
13,IMG_1042
13,IMG_1056
140,IMG_1035
141,IMG_1067
141,IMG_1068
141,IMG_1083
141,IMG_1094
141,IMG_1095
141,IMG_1110
141,IMG_1111
142,IMG_1063
142,IMG_1064
142,IMG_1118
145,IMG_0917
145,IMG_0944
146,IMG_0895
146,IMG_0945
148,IMG_0966
148,IMG_0983
149,IMG_0983
14,IMG_1002
14,IMG_1003
14,IMG_1013
14,IMG_1040
14,IMG_1041
14,IMG_1056
14,IMG_1057
150,IMG_0963
150,IMG_0964
150,IMG_0989
152,IMG_1022
155,IMG_1018
155,IMG_1045
155,IMG_1046
155,IMG_1051
155,IMG_1052
157,IMG_1050
157,IMG_1051
15,IMG_1003
15,IMG_1057
15,IMG_1058
15,IMG_1059
162,IMG_1049
163,IMG_1049
167,IMG_1073
167,IMG_1074
167,IMG_1076
167,IMG_1077
167,IMG_1102
168,IMG_1009
168,IMG_1033
168,IMG_1034
168,IMG_1036
168,IMG_1037
168,IMG_1038
168,IMG_1060
168,IMG_1061
168,IMG_1064
169,IMG_1006
169,IMG_1009
169,IMG_1033
169,IMG_1036
169,IMG_1060
169,IMG_1061
16,IMG_1004
16,IMG_1005
16,IMG_1011
16,IMG_1031
16,IMG_1032
16,IMG_1038
16,IMG_1039
16,IMG_1058
16,IMG_1059
16,IMG_1066
170,IMG_1006
170,IMG_1007
170,IMG_1009
170,IMG_1036
170,IMG_1037
170,IMG_1061
171,IMG_0976
171,IMG_1006
171,IMG_1007
171,IMG_1009
171,IMG_1036
171,IMG_1037
174,IMG_0975
174,IMG_1008
175,IMG_0976
175,IMG_1007
175,IMG_1035
175,IMG_1036
175,IMG_1037
177,IMG_0950
177,IMG_0973
177,IMG_0974
177,IMG_0976
177,IMG_0998
177,IMG_0999
177,IMG_1000
177,IMG_1010
178,IMG_0949
178,IMG_1010
179,IMG_0975
179,IMG_1000
179,IMG_1001
179,IMG_1008
180,IMG_1000
180,IMG_1001
180,IMG_1008
181,IMG_1001
181,IMG_1008
182,IMG_0947
182,IMG_0948
183,IMG_0948
184,IMG_0949
185,IMG_0949
186,IMG_0919
186,IMG_0948
187,IMG_0919
187,IMG_0921
187,IMG_0922
187,IMG_0945
187,IMG_0946
187,IMG_0949
188,IMG_0894
189,IMG_0920
190,IMG_0893
190,IMG_0919
190,IMG_0921
190,IMG_0922
190,IMG_0945
191,IMG_0893
191,IMG_0945
192,IMG_0893
192,IMG_0921
193,IMG_0893
193,IMG_0920
193,IMG_0921
193,IMG_0947
195,IMG_0921
195,IMG_0945
196,IMG_0893
199,IMG_0945
19,IMG_1064
19,IMG_1065
1,IMG_0964
1,IMG_1018
1,IMG_1019
200,IMG_0895
200,IMG_0921
200,IMG_0945
203,IMG_0922
203,IMG_0945
206,IMG_0923
206,IMG_0945
208,IMG_0895
208,IMG_0896
208,IMG_0917
208,IMG_0923
208,IMG_0943
209,IMG_0915
209,IMG_0923
209,IMG_0943
210,IMG_0896
210,IMG_0897
210,IMG_0915
210,IMG_0924
210,IMG_0943
211,IMG_0896
211,IMG_0897
211,IMG_0924
211,IMG_0925
211,IMG_0943
213,IMG_0898
213,IMG_0914
213,IMG_0925
214,IMG_0898
214,IMG_0914
214,IMG_0915
214,IMG_0926
214,IMG_0941
214,IMG_0942
215,IMG_0898
215,IMG_0913
215,IMG_0914
216,IMG_0913
216,IMG_0914
216,IMG_0940
21,IMG_1036
21,IMG_1060
21,IMG_1062
21,IMG_1063
21,IMG_1088
221,IMG_0903
222,IMG_0965
224,IMG_0897
224,IMG_0898
224,IMG_0914
224,IMG_0915
225,IMG_0910
225,IMG_0929
227,IMG_0975
227,IMG_1035
228,IMG_1030
228,IMG_1031
228,IMG_1066
22,IMG_1034
22,IMG_1036
22,IMG_1037
22,IMG_1061
22,IMG_1063
22,IMG_1064
230,IMG_0976
230,IMG_1006
230,IMG_1011
230,IMG_1032
230,IMG_1033
230,IMG_1034
230,IMG_1037
230,IMG_1038
231,IMG_0975
231,IMG_1000
231,IMG_1001
231,IMG_1008
231,IMG_1009
232,IMG_0908
235,IMG_1051
236,IMG_1072
236,IMG_1107
237,IMG_1070
237,IMG_1082
237,IMG_1083
237,IMG_1097
237,IMG_1108
237,IMG_1110
237,IMG_1123
238,IMG_1003
238,IMG_1040
238,IMG_1056
238,IMG_1057
240,IMG_0997
240,IMG_1012
240,IMG_1013
240,IMG_1030
241,IMG_1049
242,IMG_0999
242,IMG_1007
24,IMG_1062
25,IMG_1059
25,IMG_1060
25,IMG_1066
25,IMG_1086
25,IMG_1091
26,IMG_1040
26,IMG_1083
29,IMG_1082
2,IMG_0983
2,IMG_0992
2,IMG_1017
2,IMG_1025
30,IMG_1082
30,IMG_1095
30,IMG_1123
30,IMG_1137
30,IMG_1138
31,IMG_1083
31,IMG_1123
32,IMG_1066
32,IMG_1093
36,IMG_1096
36,IMG_1110
38,IMG_1110
41,IMG_1098
43,IMG_0954
44,IMG_0993
45,IMG_0981
46,IMG_0982
47,IMG_0955
47,IMG_0956
47,IMG_0966
47,IMG_0967
47,IMG_0982
47,IMG_0983
48,IMG_0957
49,IMG_1017
49,IMG_1018
4,IMG_0982
50,IMG_1018
51,IMG_1018
53,IMG_0954
54,IMG_0953
54,IMG_0954
54,IMG_0996
55,IMG_0979
56,IMG_0952
56,IMG_0953
57,IMG_0953
57,IMG_0971
57,IMG_0978
57,IMG_0996
58,IMG_0971
58,IMG_0978
58,IMG_0996
5,IMG_0982
5,IMG_1026
61,IMG_0972
62,IMG_0972
62,IMG_0973
62,IMG_0976
62,IMG_0977
62,IMG_0998
62,IMG_0999
62,IMG_1007
62,IMG_1010
64,IMG_1006
64,IMG_1007
65,IMG_0976
65,IMG_1007
65,IMG_1010
65,IMG_1035
66,IMG_0976
66,IMG_1007
66,IMG_1010
66,IMG_1035
67,IMG_0974
67,IMG_1035
68,IMG_0974
68,IMG_1009
68,IMG_1035
6,IMG_0992
6,IMG_1016
6,IMG_1043
6,IMG_1044
70,IMG_0976
70,IMG_1037
71,IMG_0976
71,IMG_1032
71,IMG_1033
71,IMG_1037
71,IMG_1038
72,IMG_1037
73,IMG_1004
78,IMG_0980
78,IMG_1014
78,IMG_1028
7,IMG_1043
7,IMG_1054
82,IMG_0995
83,IMG_0994
8,IMG_1015
8,IMG_1016
93,IMG_1068
93,IMG_1069
95,IMG_1055
96,IMG_1055
96,IMG_1056
97,IMG_0965
98,IMG_0912
99,IMG_0913
99,IMG_0954
9,IMG_1015
